{"entries_per_pipeline_histogram": {"0-100": 9, "101-500": 3, "501-1000": 1, "1001+": 1}, "entries_per_ingest_histogram": {"0-10": 256, "11-50": 64, "51-100": 23, "101+": 2}, "pipelines_per_ingest_histogram": {"1": 629, "2-3": 2, "4-5": 0, "6+": 0}, "summary": {"avg_entries_per_pipeline": 341.42857142857144, "avg_entries_per_ingest": 13.855072463768115, "avg_pipelines_per_ingest": 1.0031695721077654, "max_entries_per_pipeline": 2862, "max_entries_per_ingest": 325, "max_pipelines_per_ingest": 2}}